TF_name,cell_line,TF_cell_line,odds_ratio,overlap_bp_NFR,overlap_bp_NDR,p_value
ZNF274,HeLa-S3,ZNF274_HeLa-S3,5.40329677422115,4352,9,4.65011659992414e-12
ZNF274,K562,ZNF274_K562,1.34756001282962,5398,254,7.00144626322985e-07
IKZF1,HepG2,IKZF1_HepG2,0.972452384555475,1501,33,0.608175017464019
ATF2,HepG2,ATF2_HepG2,0.645908981731898,226652,7501,1
ATF7,HepG2,ATF7_HepG2,0.58906993219059,176752,6414,1
CEBPG,K562,CEBPG_K562,0.516560919297414,45544,5590,1
MAFF,HepG2,MAFF_HepG2,0.494470533823941,112558,4866,1
CEBPB,K562,CEBPB_K562,0.47490391398545,73008,9746,1
ATF4,K562,ATF4_K562,0.460413285866564,69633,9588,1
ATF2,K562,ATF2_K562,0.433552775849029,95610,13979,1
MAFF,K562,MAFF_K562,0.407344241104354,36648,5704,1
CUX1,MCF-7,CUX1_MCF-7,0.377905463490008,16396,220,1
ATF7,MCF-7,ATF7_MCF-7,0.373513649531428,194725,2643,1
MAFK,HepG2,MAFK_HepG2,0.373102983425019,141539,8108,1
CEBPG,MCF-7,CEBPG_MCF-7,0.365510834265497,63869,886,1
ZKSCAN1,HeLa-S3,ZKSCAN1_HeLa-S3,0.363924571572429,7556,232,1
MAFG,K562,MAFG_K562,0.355732787470664,59085,10529,1
MAFF,HeLa-S3,MAFF_HeLa-S3,0.354207648275507,79858,2519,1
HLF,HepG2,HLF_HepG2,0.313730988838808,175181,11932,1
NFIX,K562,NFIX_K562,0.312013494450679,1614,328,1
SRF,H1,SRF_H1,0.304279171220972,38093,105,1
ZNF382,HepG2,ZNF382_HepG2,0.299849785223736,561,40,0.999999999909694
PBX2,K562,PBX2_K562,0.267959509394346,21568,5103,1
TFE3,K562,TFE3_K562,0.263635177609604,21195,5097,1
REST,HeLa-S3,REST_HeLa-S3,0.262062128600773,52774,2250,1
CREB1,HepG2,CREB1_HepG2,0.25934439329369,88205,7269,1
CEBPB,HepG2,CEBPB_HepG2,0.258225028072552,67183,5561,1
ZNF24,K562,ZNF24_K562,0.256271672947596,108212,26754,1
MNT,HepG2,MNT_HepG2,0.254788540974406,57621,4834,1
ZKSCAN1,HepG2,ZKSCAN1_HepG2,0.253346959548654,9421,795,1
CEBPB,HeLa-S3,CEBPB_HeLa-S3,0.25109089214715,99926,4446,1
CREB1,MCF-7,CREB1_MCF-7,0.250282355263716,181257,3671,1
ZKSCAN1,K562,ZKSCAN1_K562,0.247064130007259,7953,2041,1
MAFK,HeLa-S3,MAFK_HeLa-S3,0.245126383197686,66764,3043,1
MAFK,MCF-7,MAFK_MCF-7,0.243063550695243,72583,1514,1
CEBPB,MCF-7,CEBPB_MCF-7,0.241594988329947,75147,1577,1
MITF,K562,MITF_K562,0.24149098621299,108854,28558,1
HMBOX1,K562,HMBOX1_K562,0.235984365715622,6610,1776,1
CUX1,K562,CUX1_K562,0.233320134116957,2539,690,1
SREBF1,MCF-7,SREBF1_MCF-7,0.226121242601934,33804,758,1
IRF3,HeLa-S3,IRF3_HeLa-S3,0.223620212565321,1601,80,1
NFIB,MCF-7,NFIB_MCF-7,0.220493929429866,478632,10995,1
ATF3,K562,ATF3_K562,0.217776221854468,40868,11895,1
NFE2L2,HepG2,NFE2L2_HepG2,0.214495370821335,16786,1673,1
FOXA1,MCF-7,FOXA1_MCF-7,0.210232607842601,116535,2810,1
FOXA3,K562,FOXA3_K562,0.202886580807171,7955,2486,1
ZKSCAN1,MCF-7,ZKSCAN1_MCF-7,0.20235445909948,5547,139,1
FOS,MCF-7,FOS_MCF-7,0.202297188908134,405598,10156,1
GATA3,MCF-7,GATA3_MCF-7,0.201325377977977,39032,983,1
RFX1,MCF-7,RFX1_MCF-7,0.19993122618101,143099,3628,1
SRF,K562,SRF_K562,0.198520458560664,10815,3454,1
CEBPB,H1,CEBPB_H1,0.194755184957596,69437,299,1
FOXO4,K562,FOXO4_K562,0.193747974237015,110,36,0.999999999999956
IRF1,K562,IRF1_K562,0.193183994342705,52028,17068,1
ONECUT1,HepG2,ONECUT1_HepG2,0.193069949925034,81564,9028,1
USF2,HeLa-S3,USF2_HeLa-S3,0.186675732267189,63061,3774,1
ESR1,MCF-7,ESR1_MCF-7,0.186616081536454,116297,3159,1
TCF7L2,HeLa-S3,TCF7L2_HeLa-S3,0.185435869427073,32480,1957,1
RFX1,K562,RFX1_K562,0.183792263706453,36043,12430,1
IRF9,K562,IRF9_K562,0.179528811643759,2418,854,1
MEF2D,K562,MEF2D_K562,0.17938803525271,7028,2484,1
USF1,H1,USF1_H1,0.179021491930886,277445,1299,1
JUN,HepG2,JUN_HepG2,0.178253961973514,38495,4616,1
NFE2,K562,NFE2_K562,0.177329968133787,34787,12434,1
RFX5,HeLa-S3,RFX5_HeLa-S3,0.176762515369752,12102,765,1
JUND,HepG2,JUND_HepG2,0.169947441781357,129541,16283,1
TCF7L2,MCF-7,TCF7L2_MCF-7,0.166820473625568,33560,1020,1
FOXA1,K562,FOXA1_K562,0.164972522719419,882,339,1
RBPJ,K562,RBPJ_K562,0.164722787390986,717,276,1
ZNF282,HepG2,ZNF282_HepG2,0.162351834163294,243,32,0.999999999999999
MAFK,H1,MAFK_H1,0.160263436589898,94415,494,1
BCL6,K562,BCL6_K562,0.158654948662658,588,235,1
JUN,HeLa-S3,JUN_HeLa-S3,0.15682677831279,28185,2008,1
ZNF24,HepG2,ZNF24_HepG2,0.154677724371028,36082,4986,1
IRF2,K562,IRF2_K562,0.15467181949764,8802,3608,1
USF1,HepG2,USF1_HepG2,0.154499160919643,86149,11914,1
MAFK,K562,MAFK_K562,0.154396577071422,36898,15146,1
FOXA2,HepG2,FOXA2_HepG2,0.152282493504856,82574,11586,1
SRF,MCF-7,SRF_MCF-7,0.150394471884094,19784,667,1
JUND,HeLa-S3,JUND_HeLa-S3,0.150110344125609,218984,16287,1
NR2C2,HeLa-S3,NR2C2_HeLa-S3,0.148943343186339,6105,458,1
NEUROD1,MCF-7,NEUROD1_MCF-7,0.148535641147122,4101,140,1
SREBF2,HeLa-S3,SREBF2_HeLa-S3,0.14774547311668,952,72,1
NR2F2,MCF-7,NR2F2_MCF-7,0.147642353955897,35614,1223,1
MEF2A,K562,MEF2A_K562,0.147348697870174,5129,2207,1
FOS,HeLa-S3,FOS_HeLa-S3,0.146352866286281,57695,4404,1
NFATC3,K562,NFATC3_K562,0.144854949250673,2842,1244,1
FOSL1,K562,FOSL1_K562,0.142532558754202,87919,39062,1
NFYB,HeLa-S3,NFYB_HeLa-S3,0.141674782549417,31080,2451,1
ESRRB,K562,ESRRB_K562,0.141612173602048,67,30,0.999999999999995
SPI1,K562,SPI1_K562,0.141005842563146,63522,28538,1
ISX,HepG2,ISX_HepG2,0.140494967660162,184,28,0.999999999999998
ZNF274,HepG2,ZNF274_HepG2,0.139394985769567,8620,1322,1
SRF,HepG2,SRF_HepG2,0.137947812618239,9705,1504,1
STAT3,HeLa-S3,STAT3_HeLa-S3,0.137917835173006,21935,1777,1
ZNF652,HepG2,ZNF652_HepG2,0.136789946189229,17111,2674,1
MAFG,HepG2,MAFG_HepG2,0.135335470034035,5748,908,1
ZBTB33,MCF-7,ZBTB33_MCF-7,0.135305830264913,2615,98,1
REST,H1,REST_H1,0.135258428574455,119382,740,1
ZNF460,HepG2,ZNF460_HepG2,0.133988360960935,115314,18382,1
PKNOX1,K562,PKNOX1_K562,0.133784914564488,40219,19050,1
PKNOX1,MCF-7,PKNOX1_MCF-7,0.133541285176886,103465,3927,1
CTCF,HeLa-S3,CTCF_HeLa-S3,0.133040740196829,516607,43289,1
NFIC,K562,NFIC_K562,0.13238485195866,12120,5804,1
NFE2L1,K562,NFE2L1_K562,0.13175541770855,9805,4718,1
NFE2L2,HeLa-S3,NFE2L2_HeLa-S3,0.131256161101016,15342,1306,1
LEF1,K562,LEF1_K562,0.131197686456134,7818,3778,1
PRDM1,HeLa-S3,PRDM1_HeLa-S3,0.130590369798569,13020,1114,1
IKZF1,K562,IKZF1_K562,0.128665042300264,46111,22707,1
MEIS2,K562,MEIS2_K562,0.127989890808218,9864,4886,1
GATA1,K562,GATA1_K562,0.12766810861607,4744,2356,1
ESRRA,MCF-7,ESRRA_MCF-7,0.12757222698964,34900,1387,1
ZNF24,MCF-7,ZNF24_MCF-7,0.127375620272327,115937,4613,1
CEBPG,HepG2,CEBPG_HepG2,0.125988908699764,27857,4726,1
TEAD4,MCF-7,TEAD4_MCF-7,0.124164495540466,15256,623,1
USF2,K562,USF2_K562,0.122961216435562,40350,20793,1
CEBPA,HepG2,CEBPA_HepG2,0.122353324118114,51147,8933,1
FOSL2,MCF-7,FOSL2_MCF-7,0.12161615535686,136484,5687,1
ESRRA,K562,ESRRA_K562,0.119279005919939,18059,9597,1
REST,HepG2,REST_HepG2,0.118947454943877,23979,4309,1
MSX2,MCF-7,MSX2_MCF-7,0.118511147584786,818,35,1
NR2F1,K562,NR2F1_K562,0.118354320136596,34762,18612,1
USF2,HepG2,USF2_HepG2,0.117103643011741,33346,6086,1
TEAD1,K562,TEAD1_K562,0.117076608821286,3597,1948,1
NR4A1,K562,NR4A1_K562,0.117023382343837,4330,2346,1
MXI1,HeLa-S3,MXI1_HeLa-S3,0.116594592456836,7200,690,1
NR3C1,K562,NR3C1_K562,0.116494001025642,316,172,1
RELA,K562,RELA_K562,0.115842446338926,1436,786,1
MAX,HeLa-S3,MAX_HeLa-S3,0.115317933526482,30088,2915,1
NFYA,HeLa-S3,NFYA_HeLa-S3,0.115315288681974,16472,1596,1
BACH1,H1,BACH1_H1,0.115206997464907,67185,489,1
FOXA1,HepG2,FOXA1_HepG2,0.114862310367549,61677,11473,1
NFE2,HepG2,NFE2_HepG2,0.114656501005566,3309,617,1
ZNF384,K562,ZNF384_K562,0.114547665912378,229757,126633,1
TEAD2,K562,TEAD2_K562,0.114281227432563,2855,1584,1
ELK3,K562,ELK3_K562,0.114135103036023,90,50,1
FOSL2,HepG2,FOSL2_HepG2,0.11389493632381,91314,17125,1
ZNF317,HepG2,ZNF317_HepG2,0.111257272413347,13152,2527,1
NFIB,HepG2,NFIB_HepG2,0.11089420475985,8279,1596,1
REST,MCF-7,REST_MCF-7,0.110806038917286,45266,2071,1
FOXK2,K562,FOXK2_K562,0.10992187559966,9134,5268,1
TFAP4,HepG2,TFAP4_HepG2,0.109759190714468,52985,10315,1
JUND,K562,JUND_K562,0.107819985368894,50707,29790,1
BCL6,HepG2,BCL6_HepG2,0.10756970714607,24152,4799,1
TEAD4,K562,TEAD4_K562,0.107174264338901,8040,4756,1
NFIA,HepG2,NFIA_HepG2,0.106420767541798,7258,1458,1
HSF2,HepG2,HSF2_HepG2,0.10569037920212,9270,1875,1
JUND,MCF-7,JUND_MCF-7,0.105626603508163,62388,2994,1
TP53,HepG2,TP53_HepG2,0.105468789352938,7124,1444,1
HNF4A,HepG2,HNF4A_HepG2,0.104599704016168,64701,13215,1
RFX7,K562,RFX7_K562,0.104437404972989,56,34,1
GATA2,K562,GATA2_K562,0.104150317471521,14600,8886,1
RORA,HepG2,RORA_HepG2,0.102989858858006,448,93,1
RARA,HepG2,RARA_HepG2,0.102887299551867,35944,7466,1
JUNB,K562,JUNB_K562,0.102778705095586,26296,16214,1
NR5A1,HepG2,NR5A1_HepG2,0.102270402333332,33646,7031,1
TEAD4,H1,TEAD4_H1,0.101617493115682,90055,743,1
BACH1,K562,BACH1_K562,0.101154746114207,15960,10001,1
GABPA,HeLa-S3,GABPA_HeLa-S3,0.100502778457096,19412,2158,1
ATF7,K562,ATF7_K562,0.100382195985663,18655,11779,1
MYC,HeLa-S3,MYC_HeLa-S3,0.100376684234935,18570,2067,1
RUNX1,K562,RUNX1_K562,0.100173464547967,1711,1083,1
NR3C1,HepG2,NR3C1_HepG2,0.0997718036709978,112,24,1
ZKSCAN5,HepG2,ZKSCAN5_HepG2,0.0997250472110864,14523,3113,1
ONECUT2,HepG2,ONECUT2_HepG2,0.0994056137893654,8942,1923,1
OVOL1,MCF-7,OVOL1_MCF-7,0.0984046557733589,10480,540,1
RFX1,HepG2,RFX1_HepG2,0.0981744761453591,14435,3143,1
NR2F2,K562,NR2F2_K562,0.0980290277197477,5874,3799,1
NFIL3,HepG2,NFIL3_HepG2,0.0962203303258444,22563,5012,1
MGA,K562,MGA_K562,0.096217961965256,5682,3744,1
TBX18,K562,TBX18_K562,0.0959046712020988,1207,798,1
KLF10,K562,KLF10_K562,0.0957795713603729,287,190,1
USF1,K562,USF1_K562,0.0956453456335406,25211,16704,1
CTCF,MCF-7,CTCF_MCF-7,0.0955776691320454,713920,37708,1
CLOCK,MCF-7,CLOCK_MCF-7,0.0933289468839603,8835,480,1
ESRRA,HepG2,ESRRA_HepG2,0.0914252806653034,17280,4040,1
ZEB1,HepG2,ZEB1_HepG2,0.0912745904974682,10982,2572,1
NR2C1,K562,NR2C1_K562,0.0910391179415352,11235,7823,1
SMAD3,HepG2,SMAD3_HepG2,0.0907537466691912,1681,396,1
E2F4,HeLa-S3,E2F4_HeLa-S3,0.0905674208755633,2156,266,1
MEF2D,HepG2,MEF2D_HepG2,0.0893294036843824,7158,1713,1
ZSCAN29,K562,ZSCAN29_K562,0.0891210165011346,3545,2522,1
JUN,K562,JUN_K562,0.0888795659612888,8921,6363,1
JUN,MCF-7,JUN_MCF-7,0.0886999176386537,6315,361,1
NR2F1,HepG2,NR2F1_HepG2,0.0879754914247255,33004,8017,1
PBX2,HepG2,PBX2_HepG2,0.0876205282256496,1000,244,1
TBX2,HepG2,TBX2_HepG2,0.0869812182475117,11959,2939,1
MNT,MCF-7,MNT_MCF-7,0.0849533225398313,43539,2598,1
MAX,HepG2,MAX_HepG2,0.0846858208501187,34688,8753,1
MYBL2,K562,MYBL2_K562,0.0844641154124928,353,265,1
JUND,H1,JUND_H1,0.0843483347063843,64083,637,1
TFCP2,K562,TFCP2_K562,0.0842954707885454,795,598,1
PPARG,HepG2,PPARG_HepG2,0.0838164670299713,12771,3257,1
GFI1,HepG2,GFI1_HepG2,0.0837395590898024,11337,2894,1
MNX1,HepG2,MNX1_HepG2,0.0835687054911325,1716,439,1
NR2F2,HepG2,NR2F2_HepG2,0.0830080100201281,10869,2799,1
GATA2,HepG2,GATA2_HepG2,0.0828953747670172,10575,2727,1
BHLHE40,K562,BHLHE40_K562,0.0821869869583583,14271,11006,1
HNF4G,HepG2,HNF4G_HepG2,0.0818297254838527,28944,7559,1
NRL,HepG2,NRL_HepG2,0.0812274180855615,2652,698,1
ZBTB26,HepG2,ZBTB26_HepG2,0.0811985119062316,11901,3133,1
E2F1,HeLa-S3,E2F1_HeLa-S3,0.0808985383400144,7052,974,1
FOXP1,HepG2,FOXP1_HepG2,0.0808174918736589,19598,5183,1
E2F3,K562,E2F3_K562,0.0807258197779289,578,454,1
SMAD3,K562,SMAD3_K562,0.0806630537875805,388,305,1
ZNF384,HepG2,ZNF384_HepG2,0.0804904844919977,296820,78492,1
THRB,HepG2,THRB_HepG2,0.080008894905301,10364,2769,1
SOX13,HepG2,SOX13_HepG2,0.0794697494593443,14232,3828,1
SREBF2,K562,SREBF2_K562,0.0794511446604501,208,166,1
FOXA3,HepG2,FOXA3_HepG2,0.0792539368313495,26612,7176,1
USF2,H1,USF2_H1,0.0791128676752773,69923,741,1
SMAD5,K562,SMAD5_K562,0.0783842075382545,874,707,1
MIXL1,HepG2,MIXL1_HepG2,0.0782858632105981,3314,905,1
ETV1,K562,ETV1_K562,0.0780426827664103,21816,17714,1
MAX,K562,MAX_K562,0.0776116038376656,22448,18328,1
RREB1,HepG2,RREB1_HepG2,0.0776070202513588,28653,7890,1
ZBTB12,K562,ZBTB12_K562,0.077244687093053,815,669,1
BHLHE40,HepG2,BHLHE40_HepG2,0.0770441262895425,18939,5254,1
RFX5,MCF-7,RFX5_MCF-7,0.0770290713090205,14053,925,1
ZNF263,HepG2,ZNF263_HepG2,0.0769179889599672,87873,24391,1
TCF7,HepG2,TCF7_HepG2,0.0767302839717711,14122,3934,1
TCF7L2,HepG2,TCF7L2_HepG2,0.0764893653674792,29927,8361,1
IRF5,HepG2,IRF5_HepG2,0.0764352488460143,1877,525,1
TCF7,K562,TCF7_K562,0.0762570914544542,1258,1046,1
TCFL5,K562,TCFL5_K562,0.0759022350352635,243,203,1
MEF2A,HepG2,MEF2A_HepG2,0.0757402702112676,4092,1155,1
TEAD4,HepG2,TEAD4_HepG2,0.0757168811087979,20537,5797,1
RXRB,HepG2,RXRB_HepG2,0.0752805140826508,21895,6216,1
NFIC,HepG2,NFIC_HepG2,0.0752735370565267,3771,1071,1
IRF1,HepG2,IRF1_HepG2,0.0747430796704054,5164,1477,1
CEBPD,HepG2,CEBPD_HepG2,0.0738952669480383,14935,4320,1
PITX1,HepG2,PITX1_HepG2,0.0735752747779686,6973,2026,1
GABPA,K562,GABPA_K562,0.0733333260505017,33268,28736,1
CTCF,HepG2,CTCF_HepG2,0.0732221365231958,259734,75513,1
ZNF143,HeLa-S3,ZNF143_HeLa-S3,0.0731651576539927,9757,1490,1
NFATC3,HepG2,NFATC3_HepG2,0.0717549668757921,537,160,1
ZBTB7B,HepG2,ZBTB7B_HepG2,0.0705577842633518,15677,4749,1
ISL2,HepG2,ISL2_HepG2,0.0704793375013958,1978,600,1
CTCF,H1,CTCF_H1,0.0704742824863553,529488,6278,1
SNAI1,HepG2,SNAI1_HepG2,0.0703710618862255,7150,2172,1
E2F1,MCF-7,E2F1_MCF-7,0.0700252023162012,18342,1328,1
TGIF2,HepG2,TGIF2_HepG2,0.0698722701625757,5746,1758,1
HEY1,K562,HEY1_K562,0.0696751878239993,189,172,1
CREB3,K562,CREB3_K562,0.0696356560717832,1386,1262,1
PRDM4,HepG2,PRDM4_HepG2,0.0695118680609524,608,187,1
CLOCK,K562,CLOCK_K562,0.0693337276400827,351,321,1
GABPA,HepG2,GABPA_HepG2,0.0684549380274272,37660,11754,1
TCF7L2,K562,TCF7L2_K562,0.06834652019749,512,475,1
ELK4,HeLa-S3,ELK4_HeLa-S3,0.0681195102239849,19048,3124,1
NFE2L1,HepG2,NFE2L1_HepG2,0.0676848705171915,1431,452,1
TEAD1,HepG2,TEAD1_HepG2,0.0675505546346264,21876,6921,1
DLX6,HepG2,DLX6_HepG2,0.0664561202649579,1032,332,1
ZBTB33,K562,ZBTB33_K562,0.0661370727000292,7972,7641,1
RREB1,K562,RREB1_K562,0.0659122667520884,9969,9587,1
RFX5,K562,RFX5_K562,0.0658213875584469,845,814,1
RELA,HepG2,RELA_HepG2,0.0655165418549502,3178,1037,1
E2F6,HeLa-S3,E2F6_HeLa-S3,0.0654493487126504,30672,5235,1
FOS,K562,FOS_K562,0.0651124005351925,4785,4659,1
MNT,K562,MNT_K562,0.0649244254119686,15247,14883,1
NFYB,K562,NFYB_K562,0.0649110568336538,10213,9973,1
HNF1A,HepG2,HNF1A_HepG2,0.0646683184923776,23755,7850,1
ZBTB7B,MCF-7,ZBTB7B_MCF-7,0.0645905463082768,7605,597,1
NR2C2,HepG2,NR2C2_HepG2,0.0641850788317463,53174,17694,1
ZSCAN29,HepG2,ZSCAN29_HepG2,0.0641182110327317,4016,1339,1
SIX1,HepG2,SIX1_HepG2,0.0640656824176149,3722,1242,1
SREBF1,K562,SREBF1_K562,0.0639188306075371,749,743,1
TEF,HepG2,TEF_HepG2,0.06387794415069,4243,1420,1
ATF6,HepG2,ATF6_HepG2,0.0638092313969795,776,260,1
ETV6,K562,ETV6_K562,0.0636882938674704,2891,2878,1
NFKB2,HepG2,NFKB2_HepG2,0.0636589477692089,10072,3382,1
ELF3,HepG2,ELF3_HepG2,0.0631333073336156,42259,14299,1
ZNF282,K562,ZNF282_K562,0.063077724533344,1933,1943,1
MLX,K562,MLX_K562,0.0630269083090439,331,333,1
TBX3,HepG2,TBX3_HepG2,0.0627344699493352,3225,1099,1
MEIS2,HepG2,MEIS2_HepG2,0.0627127271158646,4148,1414,1
SOX18,HepG2,SOX18_HepG2,0.062412213063472,470,161,1
TCF3,K562,TCF3_K562,0.0623326132668421,7180,7302,1
GATA4,HepG2,GATA4_HepG2,0.0623047222698268,2961,1016,1
MEIS1,HepG2,MEIS1_HepG2,0.0618115342773302,1249,432,1
KLF4,MCF-7,KLF4_MCF-7,0.0612254870730466,87700,7257,1
RFX3,HepG2,RFX3_HepG2,0.0611554626049393,10377,3627,1
ELF1,K562,ELF1_K562,0.0610330526693811,29796,30921,1
NRF1,HeLa-S3,NRF1_HeLa-S3,0.0610214164105105,14889,2726,1
HOXA5,HepG2,HOXA5_HepG2,0.0607332425457535,767,270,1
MXI1,K562,MXI1_K562,0.060457919929255,1128,1183,1
MYC,MCF-7,MYC_MCF-7,0.0596209727140264,68679,5837,1
ETV4,HepG2,ETV4_HepG2,0.0595137437972233,15691,5635,1
NFYC,HepG2,NFYC_HepG2,0.0594427428108299,18040,6486,1
RBPJ,HepG2,RBPJ_HepG2,0.0591972029756951,9355,3378,1
REST,K562,REST_K562,0.0591778681452316,29446,31515,1
MYBL2,HepG2,MYBL2_HepG2,0.0583238063018488,2308,846,1
E2F8,K562,E2F8_K562,0.0583226654583548,1825,1984,1
ELK1,HeLa-S3,ELK1_HeLa-S3,0.0581463928353233,9123,1753,1
ATF4,HepG2,ATF4_HepG2,0.0581400392663787,1493,549,1
HNF1B,HepG2,HNF1B_HepG2,0.0577148805826027,9353,3464,1
FOXK1,HepG2,FOXK1_HepG2,0.057503557873561,8786,3266,1
MXI1,HepG2,MXI1_HepG2,0.0573972424661491,3638,1355,1
IRF2,HepG2,IRF2_HepG2,0.0573342106782696,9184,3424,1
MAZ,HeLa-S3,MAZ_HeLa-S3,0.0572344250126182,63334,12356,1
HSF1,MCF-7,HSF1_MCF-7,0.0564611024624904,2806,252,1
FOSL1,HepG2,FOSL1_HepG2,0.0562896174665823,15331,5821,1
NEUROD1,K562,NEUROD1_K562,0.0558316097973617,2323,2638,1
SPDEF,MCF-7,SPDEF_MCF-7,0.0557126062284505,11329,1031,1
NFYA,K562,NFYA_K562,0.0556733253098088,4758,5418,1
CREB1,K562,CREB1_K562,0.055629324937382,5208,5935,1
ELF1,HepG2,ELF1_HepG2,0.0551765447815303,38836,15035,1
CREM,K562,CREM_K562,0.0549072623716594,15388,17759,1
ZNF143,K562,ZNF143_K562,0.0548191324393587,5876,6795,1
ELF1,MCF-7,ELF1_MCF-7,0.0543512198195693,70338,6557,1
KLF13,HepG2,KLF13_HepG2,0.0541672337580881,2853,1126,1
NR2C2,K562,NR2C2_K562,0.0541597127953181,35486,41483,1
GABPA,MCF-7,GABPA_MCF-7,0.0535003152439137,36616,3469,1
E2F7,K562,E2F7_K562,0.0533715528323496,851,1011,1
ZBED1,K562,ZBED1_K562,0.0529895150862217,412,493,1
TEAD2,HepG2,TEAD2_HepG2,0.0529183803160746,849,343,1
MAX,MCF-7,MAX_MCF-7,0.0523463714817331,28047,2716,1
FOXK2,HepG2,FOXK2_HepG2,0.0523158409543425,4197,1715,1
MAX,H1,MAX_H1,0.0519945464971046,79161,1276,1
TCF3,HepG2,TCF3_HepG2,0.0517770155859625,3197,1320,1
THAP11,HepG2,THAP11_HepG2,0.0511439051146313,28992,12111,1
HES1,MCF-7,HES1_MCF-7,0.0510716853399094,2377,236,1
CTCF,K562,CTCF_K562,0.0499383786761232,104267,131752,1
ELF4,K562,ELF4_K562,0.0493952562073487,9165,11760,1
CREB3L1,K562,CREB3L1_K562,0.0492237807308882,3021,3891,1
KLF6,K562,KLF6_K562,0.0489950216938466,1639,2121,1
HES1,K562,HES1_K562,0.0489598064479079,1644,2129,1
MYC,HepG2,MYC_HepG2,0.0485534697950966,21366,9403,1
ZNF143,HepG2,ZNF143_HepG2,0.04827199354619,10111,4477,1
KLF9,MCF-7,KLF9_MCF-7,0.0481581720861495,248739,26106,1
ZNF740,HepG2,ZNF740_HepG2,0.0477487270704591,55143,24655,1
EGR1,MCF-7,EGR1_MCF-7,0.0462591673843784,56924,6235,1
LBX2,HepG2,LBX2_HepG2,0.0460850110149242,97,45,1
NFYB,HepG2,NFYB_HepG2,0.0459926587021609,15082,7008,1
MYC,K562,MYC_K562,0.0452994261462033,14929,20881,1
ATF6,K562,ATF6_K562,0.0448996381923445,558,788,1
E2F1,K562,E2F1_K562,0.0448727754606272,2514,3552,1
HINFP,K562,HINFP_K562,0.0440519547833949,1466,2110,1
FOXK2,MCF-7,FOXK2_MCF-7,0.0439466890058104,260,30,1
YY1,K562,YY1_K562,0.0427082081776904,4902,7276,1
ATF2,H1,ATF2_H1,0.0420548099557031,21666,432,1
ATF3,H1,ATF3_H1,0.0420189309557973,5511,110,1
KLF16,K562,KLF16_K562,0.0418896921930032,7500,11348,1
MLX,HepG2,MLX_HepG2,0.041869953558303,3739,1909,1
RFX5,HepG2,RFX5_HepG2,0.0417430296198919,3548,1817,1
TFE3,HepG2,TFE3_HepG2,0.0406960687727418,4034,2119,1
XBP1,HepG2,XBP1_HepG2,0.0404941202481609,608,321,1
NKX3-1,HepG2,NKX3-1_HepG2,0.0399084221412701,280,150,1
ETS2,K562,ETS2_K562,0.0398481385076888,137,218,1
ZNF263,K562,ZNF263_K562,0.0395514173737172,8596,13774,1
MYC,H1,MYC_H1,0.0394318261704553,26383,561,1
E2F4,K562,E2F4_K562,0.039274087508082,734,1185,1
YY1,H1,YY1_H1,0.0390623357255073,59146,1269,1
HINFP,HepG2,HINFP_HepG2,0.0387359505094048,9214,5084,1
MAZ,MCF-7,MAZ_MCF-7,0.0386806752653093,75230,9850,1
MTF1,HepG2,MTF1_HepG2,0.0385756935643312,1476,818,1
POU5F1,H1,POU5F1_H1,0.0381306053297337,10412,229,1
POU5F1,K562,POU5F1_K562,0.038045028760267,30,50,1
ZBTB33,HepG2,ZBTB33_HepG2,0.0380258168873558,9070,5098,1
ERF,K562,ERF_K562,0.0377828415804279,842,1413,1
E2F6,H1,E2F6_H1,0.0375167837082719,249466,5558,1
EGR1,HepG2,EGR1_HepG2,0.0371984315638635,129652,74191,1
ZNF143,H1,ZNF143_H1,0.0366681673022282,42300,967,1
KLF13,K562,KLF13_K562,0.0364396796178405,3519,6122,1
ZBTB7A,HepG2,ZBTB7A_HepG2,0.0363968530375101,4759,2795,1
KLF16,HepG2,KLF16_HepG2,0.0360770406603699,37705,22315,1
CREB1,H1,CREB1_H1,0.0358648115947635,28404,664,1
ETV5,K562,ETV5_K562,0.0358272869422559,5887,10415,1
ATF3,HepG2,ATF3_HepG2,0.0356076772595723,4181,2510,1
MAZ,HepG2,MAZ_HepG2,0.0347951821103882,80915,49572,1
E2F4,MCF-7,E2F4_MCF-7,0.0347399002720395,644,94,1
KLF6,HepG2,KLF6_HepG2,0.0338120799205169,14819,9365,1
KLF9,HepG2,KLF9_HepG2,0.0336881327300334,17505,11102,1
KLF11,HepG2,KLF11_HepG2,0.0335564630492917,9551,6083,1
EGR1,K562,EGR1_K562,0.0331209047063077,97013,184449,1
CREM,HepG2,CREM_HepG2,0.0329557384623331,9198,5965,1
NFYA,HepG2,NFYA_HepG2,0.0329051014313738,8306,5395,1
ELF2,K562,ELF2_K562,0.0328038674114671,3230,6242,1
E2F8,MCF-7,E2F8_MCF-7,0.0320517505826315,1024,162,1
ETV5,HepG2,ETV5_HepG2,0.0315175040857438,10446,7083,1
E2F2,HepG2,E2F2_HepG2,0.0305997639607862,750,524,1
E2F1,HepG2,E2F1_HepG2,0.0304257565106369,2058,1446,1
MXI1,H1,MXI1_H1,0.0301042250995613,5815,162,1
ELK1,K562,ELK1_K562,0.0296793145362076,1748,3734,1
RFX5,H1,RFX5_H1,0.0292984188564181,4192,120,1
CREB3,HepG2,CREB3_HepG2,0.0292264342261889,1188,869,1
THAP1,K562,THAP1_K562,0.0290159092166734,648,1416,1
ETS1,K562,ETS1_K562,0.0286514301039123,2238,4952,1
E2F4,HepG2,E2F4_HepG2,0.0282889211630403,2734,2066,1
TFDP1,K562,TFDP1_K562,0.0279844198503222,10503,23777,1
TFDP1,HepG2,TFDP1_HepG2,0.0278122573005828,10326,7934,1
ELF4,HepG2,ELF4_HepG2,0.0276413629289156,4786,3701,1
ZBTB7A,K562,ZBTB7A_K562,0.0275947483848698,7925,18198,1
JUN,H1,JUN_H1,0.0274582033074732,7858,240,1
VEZF1,K562,VEZF1_K562,0.027451551577807,18839,43444,1
EGR1,H1,EGR1_H1,0.0272456928887783,117858,3620,1
ZNF148,K562,ZNF148_K562,0.0269723512489505,54238,126899,1
ERF,HepG2,ERF_HepG2,0.0269392018774796,4256,3377,1
ETV6,HepG2,ETV6_HepG2,0.02599463929455,2477,2037,1
SP2,K562,SP2_K562,0.0259676556359791,2806,6850,1
YY1,HepG2,YY1_HepG2,0.0258087087239144,4424,3664,1
ZNF740,K562,ZNF740_K562,0.0255746000132949,35114,86776,1
MAZ,K562,MAZ_K562,0.0255533680995763,50793,125444,1
SP2,HepG2,SP2_HepG2,0.0253982491563629,23921,20112,1
ZBTB14,HepG2,ZBTB14_HepG2,0.0251489104040972,18662,15850,1
NRF1,K562,NRF1_K562,0.0250423132341648,27950,70583,1
DBP,HepG2,DBP_HepG2,0.024869972618106,228,196,1
E2F6,K562,E2F6_K562,0.0244741636799963,21808,56381,1
ETS1,HepG2,ETS1_HepG2,0.0240608086324107,1901,1689,1
SP1,K562,SP1_K562,0.0235494384925237,20155,54158,1
CTCFL,K562,CTCFL_K562,0.0233945947569543,6346,17189,1
NRF1,HepG2,NRF1_HepG2,0.0229614773368935,22244,20686,1
SP1,MCF-7,SP1_MCF-7,0.0229466939997692,5490,1213,1
SP1,H1,SP1_H1,0.0226267420645166,104709,3872,1
GABPA,H1,GABPA_H1,0.0202625697477519,16652,689,1
SP1,HepG2,SP1_HepG2,0.0184705966867604,21305,24624,1
SP2,H1,SP2_H1,0.0180450869124258,15691,729,1
ELK1,HepG2,ELK1_HepG2,0.0173274326819418,1840,2270,1
NRF1,H1,NRF1_H1,0.0165039865004343,52093,2643,1
ELK4,HepG2,ELK4_HepG2,0.0160580225885288,504,671,1
SP4,H1,SP4_H1,0.0160443420290835,90386,4711,1
NRF1,MCF-7,NRF1_MCF-7,0.014658918821493,22047,7619,1
IRF3,HepG2,IRF3_HepG2,0.0142530820259918,40,60,1
ELK1,MCF-7,ELK1_MCF-7,0.0138420159570265,4871,1784,1
GMEB2,HepG2,GMEB2_HepG2,0.0122168837335218,68,119,1
FOSL1,H1,FOSL1_H1,0.00923996603748358,661,60,1
