TF_cell_line,TF_name,cell_line,odds_ratio,overlap_bp_NFR,overlap_bp_NDR,p_value,expression_level
ATF2_HepG2,ATF2,HepG2,0.645908981731898,226652,7501,1,35.353
ATF2_K562,ATF2,K562,0.433552775849029,95610,13979,1,49.266
ATF4_HepG2,ATF4,HepG2,0.0581400392663787,1493,549,1,688.821
ATF4_K562,ATF4,K562,0.460413285866564,69633,9588,1,374.613
ATF6_HepG2,ATF6,HepG2,0.0638092313969795,776,260,1,14.802
ATF6_K562,ATF6,K562,0.0448996381923445,558,788,1,28.37
ATF7_HepG2,ATF7,HepG2,0.58906993219059,176752,6414,1,11.257
ATF7_K562,ATF7,K562,0.100382195985663,18655,11779,1,11.579
BACH1_K562,BACH1,K562,0.101154746114207,15960,10001,1,21.378
BCL6_HepG2,BCL6,HepG2,0.10756970714607,24152,4799,1,28.63
BHLHE40_HepG2,BHLHE40,HepG2,0.0770441262895425,18939,5254,1,54.447
BHLHE40_K562,BHLHE40,K562,0.0821869869583583,14271,11006,1,76.397
CEBPA_HepG2,CEBPA,HepG2,0.122353324118114,51147,8933,1,33.365
CEBPB_H1,CEBPB,H1,0.194755184957596,69437,299,1,13.881
CEBPB_HeLa-S3,CEBPB,HeLa-S3,0.25109089214715,99926,4446,1,29.704
CEBPB_HepG2,CEBPB,HepG2,0.258225028072552,67183,5561,1,42.833
CEBPB_K562,CEBPB,K562,0.47490391398545,73008,9746,1,10.532
CEBPD_HepG2,CEBPD,HepG2,0.0738952669480383,14935,4320,1,26.114
CEBPG_HepG2,CEBPG,HepG2,0.125988908699764,27857,4726,1,31.207
CEBPG_K562,CEBPG,K562,0.516560919297414,45544,5590,1,33.139
CREB1_H1,CREB1,H1,0.0358648115947635,28404,664,1,10.351
CREB3_HepG2,CREB3,HepG2,0.0292264342261889,1188,869,1,11.7
CTCF_H1,CTCF,H1,0.0704742824863553,529488,6278,1,30.656
CTCF_HeLa-S3,CTCF,HeLa-S3,0.133040740196829,516607,43289,1,41.445
CTCF_HepG2,CTCF,HepG2,0.0732221365231958,259734,75513,1,18.7
CTCF_K562,CTCF,K562,0.0499383786761232,104267,131752,1,24.774
CTCFL_K562,CTCFL,K562,0.0233945947569543,6346,17189,1,83.547
E2F1_HeLa-S3,E2F1,HeLa-S3,0.0808985383400144,7052,974,1,58.356
E2F1_HepG2,E2F1,HepG2,0.0304257565106369,2058,1446,1,27.397
E2F1_K562,E2F1,K562,0.0448727754606272,2514,3552,1,17.021
E2F3_K562,E2F3,K562,0.0807258197779289,578,454,1,26.641
E2F4_HeLa-S3,E2F4,HeLa-S3,0.0905674208755633,2156,266,1,49.196
E2F4_HepG2,E2F4,HepG2,0.0282889211630403,2734,2066,1,85.897
E2F4_K562,E2F4,K562,0.039274087508082,734,1185,1,78.737
E2F6_HeLa-S3,E2F6,HeLa-S3,0.0654493487126504,30672,5235,1,16.479
E2F6_K562,E2F6,K562,0.0244741636799963,21808,56381,1,12.191
EGR1_K562,EGR1,K562,0.0331209047063077,97013,184449,1,11.191
ELF1_HepG2,ELF1,HepG2,0.0551765447815303,38836,15035,1,13.542
ELF1_K562,ELF1,K562,0.0610330526693811,29796,30921,1,21.775
ELF2_K562,ELF2,K562,0.0328038674114671,3230,6242,1,15.143
ELF3_HepG2,ELF3,HepG2,0.0631333073336156,42259,14299,1,14.166
ELF4_K562,ELF4,K562,0.0493952562073487,9165,11760,1,30.148
ELK1_HeLa-S3,ELK1,HeLa-S3,0.0581463928353233,9123,1753,1,10.551
ELK1_K562,ELK1,K562,0.0296793145362076,1748,3734,1,17.99
ELK4_HeLa-S3,ELK4,HeLa-S3,0.0681195102239849,19048,3124,1,15.617
ERF_HepG2,ERF,HepG2,0.0269392018774796,4256,3377,1,32.201
ERF_K562,ERF,K562,0.0377828415804279,842,1413,1,16.025
ESRRA_HepG2,ESRRA,HepG2,0.0914252806653034,17280,4040,1,16.104
ESRRA_K562,ESRRA,K562,0.119279005919939,18059,9597,1,21.409
ESRRB_K562,ESRRB,K562,0.141612173602048,67,30,0.999999999999995,11.625
ETV4_HepG2,ETV4,HepG2,0.0595137437972233,15691,5635,1,269.717
ETV5_HepG2,ETV5,HepG2,0.0315175040857438,10446,7083,1,32.326
FOS_HeLa-S3,FOS,HeLa-S3,0.146352866286281,57695,4404,1,11.02
FOSL2_HepG2,FOSL2,HepG2,0.11389493632381,91314,17125,1,19.26
FOXA1_HepG2,FOXA1,HepG2,0.114862310367549,61677,11473,1,32.379
FOXA2_HepG2,FOXA2,HepG2,0.152282493504856,82574,11586,1,10.875
FOXA3_HepG2,FOXA3,HepG2,0.0792539368313495,26612,7176,1,57.199
FOXA3_K562,FOXA3,K562,0.202886580807171,7955,2486,1,12.738
FOXK2_HepG2,FOXK2,HepG2,0.0523158409543425,4197,1715,1,47.11
FOXK2_K562,FOXK2,K562,0.10992187559966,9134,5268,1,22.638
GABPA_HeLa-S3,GABPA,HeLa-S3,0.100502778457096,19412,2158,1,22.767
GABPA_K562,GABPA,K562,0.0733333260505017,33268,28736,1,15.273
GATA1_K562,GATA1,K562,0.12766810861607,4744,2356,1,125.155
GATA2_K562,GATA2,K562,0.104150317471521,14600,8886,1,18.362
GATA4_HepG2,GATA4,HepG2,0.0623047222698268,2961,1016,1,13.418
GMEB2_HepG2,GMEB2,HepG2,0.0122168837335218,68,119,1,11.139
HLF_HepG2,HLF,HepG2,0.313730988838808,175181,11932,1,180.956
HMBOX1_K562,HMBOX1,K562,0.235984365715622,6610,1776,1,27.414
HNF4A_HepG2,HNF4A,HepG2,0.104599704016168,64701,13215,1,72.693
HSF2_HepG2,HSF2,HepG2,0.10569037920212,9270,1875,1,14.172
IKZF1_K562,IKZF1,K562,0.128665042300264,46111,22707,1,14.525
IRF2_HepG2,IRF2,HepG2,0.0573342106782696,9184,3424,1,21.134
IRF3_HeLa-S3,IRF3,HeLa-S3,0.223620212565321,1601,80,1,23.491
IRF3_HepG2,IRF3,HepG2,0.0142530820259918,40,60,1,33.272
JUN_HepG2,JUN,HepG2,0.178253961973514,38495,4616,1,28.156
JUNB_K562,JUNB,K562,0.102778705095586,26296,16214,1,19.137
JUND_H1,JUND,H1,0.0843483347063843,64083,637,1,46.684
JUND_HeLa-S3,JUND,HeLa-S3,0.150110344125609,218984,16287,1,14.063
JUND_HepG2,JUND,HepG2,0.169947441781357,129541,16283,1,46.019
JUND_K562,JUND,K562,0.107819985368894,50707,29790,1,41.064
KLF6_HepG2,KLF6,HepG2,0.0338120799205169,14819,9365,1,38.078
LEF1_K562,LEF1,K562,0.131197686456134,7818,3778,1,13.493
MAFF_HepG2,MAFF,HepG2,0.494470533823941,112558,4866,1,13.95
MAFG_HepG2,MAFG,HepG2,0.135335470034035,5748,908,1,21.655
MAFG_K562,MAFG,K562,0.355732787470664,59085,10529,1,26.117
MAX_H1,MAX,H1,0.0519945464971046,79161,1276,1,12.441
MAX_HeLa-S3,MAX,HeLa-S3,0.115317933526482,30088,2915,1,18.096
MAX_HepG2,MAX,HepG2,0.0846858208501187,34688,8753,1,12.946
MAX_K562,MAX,K562,0.0776116038376656,22448,18328,1,22.247
MAZ_HeLa-S3,MAZ,HeLa-S3,0.0572344250126182,63334,12356,1,45.276
MAZ_HepG2,MAZ,HepG2,0.0347951821103882,80915,49572,1,80.09
MAZ_K562,MAZ,K562,0.0255533680995763,50793,125444,1,76.867
MEF2A_HepG2,MEF2A,HepG2,0.0757402702112676,4092,1155,1,14.559
MGA_K562,MGA,K562,0.096217961965256,5682,3744,1,11.829
MLX_HepG2,MLX,HepG2,0.041869953558303,3739,1909,1,61.019
MLX_K562,MLX,K562,0.0630269083090439,331,333,1,37.419
MXI1_HeLa-S3,MXI1,HeLa-S3,0.116594592456836,7200,690,1,11.481
MXI1_HepG2,MXI1,HepG2,0.0573972424661491,3638,1355,1,13.788
MXI1_K562,MXI1,K562,0.060457919929255,1128,1183,1,13.548
MYBL2_HepG2,MYBL2,HepG2,0.0583238063018488,2308,846,1,11.413
MYBL2_K562,MYBL2,K562,0.0844641154124928,353,265,1,31.959
MYC_H1,MYC,H1,0.0394318261704553,26383,561,1,47.639
MYC_HeLa-S3,MYC,HeLa-S3,0.100376684234935,18570,2067,1,141.813
MYC_HepG2,MYC,HepG2,0.0485534697950966,21366,9403,1,62.761
MYC_K562,MYC,K562,0.0452994261462033,14929,20881,1,87.278
NFATC3_HepG2,NFATC3,HepG2,0.0717549668757921,537,160,1,41.535
NFATC3_K562,NFATC3,K562,0.144854949250673,2842,1244,1,56.333
NFE2_K562,NFE2,K562,0.177329968133787,34787,12434,1,143.183
NFE2L1_HepG2,NFE2L1,HepG2,0.0676848705171915,1431,452,1,148.277
NFE2L1_K562,NFE2L1,K562,0.13175541770855,9805,4718,1,28.465
NFE2L2_HeLa-S3,NFE2L2,HeLa-S3,0.131256161101016,15342,1306,1,87.549
NFE2L2_HepG2,NFE2L2,HepG2,0.214495370821335,16786,1673,1,75.313
NFIL3_HepG2,NFIL3,HepG2,0.0962203303258444,22563,5012,1,51.022
NFKB2_HepG2,NFKB2,HepG2,0.0636589477692089,10072,3382,1,11.14
NFYA_HeLa-S3,NFYA,HeLa-S3,0.115315288681974,16472,1596,1,12.506
NFYA_HepG2,NFYA,HepG2,0.0329051014313738,8306,5395,1,10.116
NFYA_K562,NFYA,K562,0.0556733253098088,4758,5418,1,15.622
NFYB_HeLa-S3,NFYB,HeLa-S3,0.141674782549417,31080,2451,1,21.263
NFYB_K562,NFYB,K562,0.0649110568336538,10213,9973,1,12.34
NFYC_HepG2,NFYC,HepG2,0.0594427428108299,18040,6486,1,18.392
NR2C1_K562,NR2C1,K562,0.0910391179415352,11235,7823,1,12.955
NR2F1_HepG2,NR2F1,HepG2,0.0879754914247255,33004,8017,1,28.148
NR5A1_HepG2,NR5A1,HepG2,0.102270402333332,33646,7031,1,28.131
NRF1_K562,NRF1,K562,0.0250423132341648,27950,70583,1,12.513
PBX2_HepG2,PBX2,HepG2,0.0876205282256496,1000,244,1,37.774
PBX2_K562,PBX2,K562,0.267959509394346,21568,5103,1,49.678
POU5F1_H1,POU5F1,H1,0.0381306053297337,10412,229,1,182.963
PPARG_HepG2,PPARG,HepG2,0.0838164670299713,12771,3257,1,26.049
RBPJ_HepG2,RBPJ,HepG2,0.0591972029756951,9355,3378,1,14.793
RBPJ_K562,RBPJ,K562,0.164722787390986,717,276,1,22.697
RELA_HepG2,RELA,HepG2,0.0655165418549502,3178,1037,1,17.299
REST_H1,REST,H1,0.135258428574455,119382,740,1,17.977
REST_HeLa-S3,REST,HeLa-S3,0.262062128600773,52774,2250,1,18.564
REST_K562,REST,K562,0.0591778681452316,29446,31515,1,11.52
RFX5_H1,RFX5,H1,0.0292984188564181,4192,120,1,15.763
RFX5_HeLa-S3,RFX5,HeLa-S3,0.176762515369752,12102,765,1,57.071
RFX5_K562,RFX5,K562,0.0658213875584469,845,814,1,17.872
RXRB_HepG2,RXRB,HepG2,0.0752805140826508,21895,6216,1,34.145
SMAD3_HepG2,SMAD3,HepG2,0.0907537466691912,1681,396,1,22.824
SP1_H1,SP1,H1,0.0226267420645166,104709,3872,1,20.044
SP1_HepG2,SP1,HepG2,0.0184705966867604,21305,24624,1,18.184
SP1_K562,SP1,K562,0.0235494384925237,20155,54158,1,37.404
SPI1_K562,SPI1,K562,0.141005842563146,63522,28538,1,12.521
SREBF1_K562,SREBF1,K562,0.0639188306075371,749,743,1,20.77
SREBF2_HeLa-S3,SREBF2,HeLa-S3,0.14774547311668,952,72,1,23.51
SREBF2_K562,SREBF2,K562,0.0794511446604501,208,166,1,42.778
SRF_H1,SRF,H1,0.304279171220972,38093,105,1,28.779
SRF_HepG2,SRF,HepG2,0.137947812618239,9705,1504,1,51.26
SRF_K562,SRF,K562,0.198520458560664,10815,3454,1,28.712
STAT3_HeLa-S3,STAT3,HeLa-S3,0.137917835173006,21935,1777,1,25.535
TBX18_K562,TBX18,K562,0.0959046712020988,1207,798,1,16.86
TBX3_HepG2,TBX3,HepG2,0.0627344699493352,3225,1099,1,17.534
TCF3_HepG2,TCF3,HepG2,0.0517770155859625,3197,1320,1,26.145
TCF3_K562,TCF3,K562,0.0623326132668421,7180,7302,1,27.432
TEAD1_HepG2,TEAD1,HepG2,0.0675505546346264,21876,6921,1,13.307
TEAD4_H1,TEAD4,H1,0.101617493115682,90055,743,1,43.986
TEAD4_HepG2,TEAD4,HepG2,0.0757168811087979,20537,5797,1,51.057
TEAD4_K562,TEAD4,K562,0.107174264338901,8040,4756,1,13.974
TFCP2_K562,TFCP2,K562,0.0842954707885454,795,598,1,25.179
TFDP1_HepG2,TFDP1,HepG2,0.0278122573005828,10326,7934,1,21.553
TFDP1_K562,TFDP1,K562,0.0279844198503222,10503,23777,1,50.457
TGIF2_HepG2,TGIF2,HepG2,0.0698722701625757,5746,1758,1,42.89
THAP11_HepG2,THAP11,HepG2,0.0511439051146313,28992,12111,1,54.116
USF1_H1,USF1,H1,0.179021491930886,277445,1299,1,15.905
USF1_HepG2,USF1,HepG2,0.154499160919643,86149,11914,1,16.612
USF1_K562,USF1,K562,0.0956453456335406,25211,16704,1,27.842
USF2_H1,USF2,H1,0.0791128676752773,69923,741,1,52.655
USF2_HeLa-S3,USF2,HeLa-S3,0.186675732267189,63061,3774,1,34.928
USF2_HepG2,USF2,HepG2,0.117103643011741,33346,6086,1,74.787
USF2_K562,USF2,K562,0.122961216435562,40350,20793,1,36.013
VEZF1_K562,VEZF1,K562,0.027451551577807,18839,43444,1,12.179
XBP1_HepG2,XBP1,HepG2,0.0404941202481609,608,321,1,237.334
YY1_H1,YY1,H1,0.0390623357255073,59146,1269,1,34.797
YY1_HepG2,YY1,HepG2,0.0258087087239144,4424,3664,1,16.884
YY1_K562,YY1,K562,0.0427082081776904,4902,7276,1,18.178
ZBTB33_K562,ZBTB33,K562,0.0661370727000292,7972,7641,1,14.011
ZBTB7B_HepG2,ZBTB7B,HepG2,0.0705577842633518,15677,4749,1,14.957
ZKSCAN1_HeLa-S3,ZKSCAN1,HeLa-S3,0.363924571572429,7556,232,1,14.094
ZKSCAN1_HepG2,ZKSCAN1,HepG2,0.253346959548654,9421,795,1,49.981
ZKSCAN1_K562,ZKSCAN1,K562,0.247064130007259,7953,2041,1,29.789
ZNF143_HeLa-S3,ZNF143,HeLa-S3,0.0731651576539927,9757,1490,1,13.492
ZNF143_HepG2,ZNF143,HepG2,0.04827199354619,10111,4477,1,10.193
ZNF143_K562,ZNF143,K562,0.0548191324393587,5876,6795,1,16.694
ZNF24_HepG2,ZNF24,HepG2,0.154677724371028,36082,4986,1,19.304
ZNF24_K562,ZNF24,K562,0.256271672947596,108212,26754,1,53.337
ZNF274_HeLa-S3,ZNF274,HeLa-S3,5.40329677422115,4352,9,4.65011659992414e-12,13.841
ZNF274_HepG2,ZNF274,HepG2,0.139394985769567,8620,1322,1,15.374
ZNF274_K562,ZNF274,K562,1.34756001282962,5398,254,7.00144626322985e-07,27.038
ZNF282_HepG2,ZNF282,HepG2,0.162351834163294,243,32,0.999999999999999,11.458
ZNF282_K562,ZNF282,K562,0.063077724533344,1933,1943,1,17.681
ZNF384_HepG2,ZNF384,HepG2,0.0804904844919977,296820,78492,1,20.804
ZNF384_K562,ZNF384,K562,0.114547665912378,229757,126633,1,15.235
ZNF460_HepG2,ZNF460,HepG2,0.133988360960935,115314,18382,1,12.671
ZNF740_HepG2,ZNF740,HepG2,0.0477487270704591,55143,24655,1,12.53
ZNF740_K562,ZNF740,K562,0.0255746000132949,35114,86776,1,19.283
